,Documents,Share
1980,,
1981,,
1982,,
1983,,
1984,,
1985,,
1986,,
1987,,
1988,,
1989,,
1990,,
1991,,
1992,,
1993,1,4.6016130494383503e-07
1994,,
1995,,
1996,,
1997,,
1998,,
1999,,
2000,,
2001,,
2002,,
2003,,
2004,,
2005,,
2006,,
2007,,
2008,,
2009,1,1.3869642833118655e-07
2010,,
2011,,
2012,,
2013,,
2014,,
2015,,
2016,,
2017,,
2018,1,1.0005283790369694e-07
2019,1,9.72157411728107e-08
2020,,
2021,,
2022,2,2.0736171410169557e-07
2023,2,1.9831448552462907e-07
2024,,
